{"stats":{"minecraft:broken":{"minecraft:stone_sword":1,"minecraft:iron_pickaxe":1},"minecraft:crafted":{"minecraft:iron_axe":1,"minecraft:stone_pickaxe":2,"minecraft:wheat":81,"minecraft:crafting_table":7,"minecraft:wooden_pickaxe":1,"minecraft:iron_sword":1,"techreborn:ruby_pickaxe":1,"minecraft:bread":31,"regions_unexplored:redwood_planks":208,"minecraft:stick":64,"minecraft:iron_pickaxe":1,"minecraft:torch":64},"minecraft:killed_by":{"minecraft:husk":1,"graveyard:ghoul":1,"minecells:leaping_zombie":4,"minecraft:skeleton":1,"mythicmounts:courierbird":1},"minecraft:custom":{"minecraft:interact_with_smithing_table":1,"lootr:looted_stat":27,"minecraft:mob_kills":41,"minecraft:interact_with_crafting_table":12,"minecraft:open_barrel":4,"minecraft:damage_dealt_resisted":0,"minecraft:time_since_death":2369,"minecraft:climb_one_cm":2110,"minecraft:sprint_one_cm":196143,"minecraft:walk_one_cm":331760,"minecraft:damage_blocked_by_shield":520,"minecraft:drop":113,"minecraft:talked_to_villager":1,"minecraft:play_time":96430,"minecraft:deaths":15,"minecraft:sneak_time":883,"minecraft:walk_under_water_one_cm":443,"minecraft:jump":1018,"minecraft:interact_with_blast_furnace":1,"minecraft:walk_on_water_one_cm":533,"minecraft:total_world_time":96430,"minecraft:hex":0,"minecraft:time_since_rest":2401,"minecraft:damage_taken":12325,"minecraft:damage_dealt":9883,"minecraft:fly_one_cm":74174,"minecraft:open_chest":2,"minecraft:crouch_one_cm":2588,"minecraft:threat":4,"minecraft:interact_with_smoker":1,"minecraft:fall_one_cm":115735,"minecraft:inspect_dispenser":1},"minecraft:picked_up":{"techreborn:raw_tin":2,"minecells:small_prison_bricks":1,"soulsweapons:moonstone":1,"minecraft:stone_brick_stairs":1,"ad_astra:sky_stone":2,"minecraft:string":1,"techreborn:galena_ore":5,"minecraft:cobbled_deepslate":1,"modern_industrialization:raw_uranium":3,"minecraft:poppy":2,"regions_unexplored:redwood_planks":45,"regions_unexplored:redwood_log":164,"minecells:guts":3,"minecraft:raw_iron":3,"minecraft:stick":1,"promenade:asphalt":2,"twigs:bamboo_leaves":11,"techreborn:ruby_gem":6,"minecells:putrid_log":1,"minecraft:diorite":10,"minecells:putrid_fence":1,"minecraft:goat_horn":1,"minecraft:arrow":17,"minecraft:rotten_flesh":8,"minecraft:hay_block":9,"minecraft:cobblestone":138,"simplyswords:diamond_rapier":2,"minecraft:andesite":6,"minecraft:jungle_fence":9,"minecraft:dirt":3,"brewery:hops_seeds":2,"minecraft:bone":2,"minecraft:stone_bricks":2,"minecraft:bow":1,"minecraft:wheat_seeds":4,"regions_unexplored:redwood_sapling":80,"ftbquests:book":1,"minecraft:spruce_wood":10,"minecraft:iron_ingot":8,"minecraft:stone_pickaxe":1,"fishofthieves:earthworms":3,"techreborn:deepslate_bauxite_ore":1,"minecraft:bamboo":35,"twigs:twig":24,"minecraft:oak_pressure_plate":1,"minecraft:stripped_jungle_log":2,"modern_industrialization:raw_nickel":2,"minecraft:crossbow":2,"minecraft:stripped_jungle_wood":1,"minecraft:emerald":8,"modern_industrialization:raw_lead":13,"minecraft:coal":17},"minecraft:killed":{"mythicmounts:courierbird":1,"minecraft:vindicator":1,"minecraft:spider":1,"minecells:undead_archer":1,"naturalist:tortoise":1,"creeperoverhaul:bamboo_creeper":1,"minecraft:skeleton":5,"minecells:leaping_zombie":7,"minecells:grenadier":2,"minecraft:husk":2,"mythicmounts:firebird":1,"minecraft:iron_golem":2,"minecraft:pillager":10,"minecraft:zombie":5},"minecraft:dropped":{"brewery:corn":1,"minecraft:wheat_seeds":3,"minecraft:jungle_fence":7,"minecraft:crossbow":3,"techreborn:deepslate_bauxite_ore":1,"regions_unexplored:redwood_sapling":80,"minecraft:stripped_jungle_log":2,"minecraft:coal":1,"minecraft:dirt":2,"techreborn:galena_ore":5,"simplyswords:diamond_rapier":2,"minecraft:diorite":8,"minecraft:string":5,"modern_industrialization:raw_lead":13,"ftbquests:book":2,"techreborn:nickel_ingot":4,"twigs:twig":11,"minecraft:goat_horn":2,"minecraft:cobbled_deepslate":1,"minecraft:rotten_flesh":4,"techreborn:ruby_gem":1,"regions_unexplored:redwood_planks":2,"promenade:asphalt":2,"patchouli:guide_book":1,"minecraft:poppy":2,"fishofthieves:earthworms":3,"minecraft:andesite":6,"brewery:hops_seeds":2,"minecraft:bamboo":4,"minecraft:arrow":2,"minecraft:wooden_pickaxe":1,"minecraft:stone_pickaxe":3},"minecraft:used":{"minecraft:stone_sword":131,"minecraft:shield":31,"minecraft:iron_sword":100,"minecells:assassins_dagger":1,"minecraft:torch":10,"minecraft:dirt":1,"simplyswords:diamond_rapier":115,"minecraft:carrot":5,"minecraft:iron_axe":45,"minecells:broadsword":6,"minecraft:bamboo":2,"minecells:balanced_blade":20,"minecraft:diorite":2,"minecraft:stone_pickaxe":79,"minecraft:wooden_pickaxe":14,"archers:composite_longbow":23,"regions_unexplored:redwood_planks":87,"simplyswords:iron_greataxe":7,"minecraft:crafting_table":7,"techreborn:ruby_pickaxe":11,"minecraft:bread":13,"minecraft:iron_pickaxe":181,"simplyswords:gold_cutlass":3,"minecraft:cobblestone":63},"minecraft:mined":{"minecraft:tuff":7,"minecells:small_prison_bricks":1,"minecells:putrid_fence":1,"minecraft:jack_o_lantern":13,"minecells:putrid_log":1,"minecraft:granite":15,"snifferplus:ivy_body":1,"minecraft:grass_block":5,"bewitchment:silver_ore":2,"modern_industrialization:lignite_coal_ore":1,"techreborn:bauxite_ore":1,"minecraft:gilded_blackstone":3,"minecraft:large_fern":3,"minecraft:hay_block":10,"minecraft:brown_stained_glass":3,"minecraft:iron_ore":3,"minecraft:andesite":4,"regions_unexplored:redwood_planks":4,"treechop:chopped_log":4,"minecraft:deepslate_lapis_ore":1,"soulsweapons:moonstone_ore_deepslate":1,"minecraft:vine":3,"minecraft:stripped_jungle_log":2,"modern_industrialization:deepslate_nickel_ore":1,"regions_unexplored:medium_grass":2,"minecraft:spruce_wood":8,"minecraft:bamboo":8,"minecraft:stone":106,"regions_unexplored:redwood_log":1,"ad_astra:sky_stone":2,"minecraft:podzol":1,"regions_unexplored:redwood_shrub":1,"techreborn:deepslate_bauxite_ore":3,"techreborn:deepslate_silver_ore":2,"brewery:wild_hops":1,"minecraft:blackstone":2,"promenade:blunite":18,"minecraft:orange_terracotta":1,"minecraft:calcite":1,"modern_industrialization:lead_ore":12,"modern_industrialization:nickel_ore":2,"twigs:petrified_lichen":1,"minecraft:tall_grass":2,"minecraft:copper_ore":1,"minecraft:diorite":21,"minecraft:amethyst_block":1,"techreborn:tin_ore":2,"modern_industrialization:deepslate_lignite_coal_ore":5,"modern_industrialization:deepslate_uranium_ore":3,"techreborn:silver_ore":2,"minecraft:jungle_fence":8,"snifferplus:ivy_head":1,"minecraft:stone_brick_stairs":1,"minecraft:grass":11,"minecraft:coal_ore":17,"techreborn:galena_ore":5,"minecraft:cyan_carpet":4,"minecraft:dirt":3,"minecraft:cobweb":1,"minecraft:brown_terracotta":1,"minecraft:acacia_planks":1,"minecraft:stone_bricks":2,"promenade:asphalt":2,"minecraft:oak_leaves":1,"minecraft:deepslate":11,"minecraft:fern":7}},"DataVersion":3465}