{"stats":{"minecraft:custom":{"minecraft:time_since_rest":20367,"lootr:looted_stat":15,"minecraft:sprint_one_cm":54071,"minecraft:damage_taken":315,"minecraft:walk_one_cm":44111,"minecraft:mob_kills":5,"minecraft:drop":4,"minecraft:damage_dealt":521,"minecraft:swim_one_cm":9,"minecraft:talked_to_villager":3,"minecraft:fly_one_cm":23988,"minecraft:play_time":20367,"minecraft:bell_ring":2,"minecraft:walk_under_water_one_cm":5690,"minecraft:jump":160,"minecraft:interact_with_brewingstand":1,"minecraft:leave_game":2,"minecraft:time_since_death":20367,"minecraft:walk_on_water_one_cm":1240,"minecraft:total_world_time":20367,"minecraft:interact_with_smoker":1,"minecraft:hex":0,"minecraft:fall_one_cm":7685},"minecraft:picked_up":{"minecraft:feather":4,"supplementaries:candy":1,"minecraft:sweet_berries":2,"promenade:duck":3,"mythicmounts:firebird_feather3":1,"minecraft:dirt":3,"minecraft:item_frame":1,"minecraft:rotten_flesh":2,"minecraft:iron_sword":1},"minecraft:killed":{"minecraft:zombie":1,"mythicmounts:firebird":1,"promenade:duck":3},"minecraft:dropped":{"minecraft:stone_sword":1,"minecraft:iron_leggings":1,"minecraft:rotten_flesh":2},"minecraft:mined":{"minecraft:grass_block":2,"minecraft:dirt":1,"supplementaries:pancake":1,"minecraft:fern":1},"minecraft:used":{"minecraft:stone_sword":4,"minecraft:bread":4,"minecraft:map":1,"immersive_armors:heavy_chestplate":3,"travelersbackpack:iron_golem":2,"minecraft:iron_sword":15,"minecraft:iron_boots":1,"supplementaries:candy":1,"minecraft:iron_chestplate":1,"minecraft:dirt":2,"minecraft:sweet_berries":2,"beachparty:rubber_ring_pelican":2}},"DataVersion":3465}