{"stats":{"minecraft:used":{"minecraft:bread":3},"minecraft:mined":{"minecraft:grass":4,"minecraft:grass_block":1,"minecraft:birch_log":7,"minecraft:tall_grass":1,"minecraft:spruce_log":2,"minecraft:spruce_leaves":4,"minecraft:birch_leaves":3,"minecraft:fern":2},"minecraft:picked_up":{"minecraft:birch_log":7,"minecraft:arrow":2,"minecraft:bone":1,"minecraft:rotten_flesh":1,"minecraft:spruce_log":2,"minecraft:birch_sapling":1,"minecraft:dirt":1},"minecraft:custom":{"minecraft:time_since_rest":18677,"minecraft:crouch_one_cm":713,"minecraft:sprint_one_cm":33886,"minecraft:play_time":21815,"minecraft:damage_taken":575,"minecraft:walk_one_cm":24137,"minecraft:deaths":1,"minecraft:sneak_time":144,"minecraft:walk_under_water_one_cm":3974,"minecraft:mob_kills":3,"minecraft:jump":298,"minecraft:damage_dealt":537,"minecraft:leave_game":2,"minecraft:walk_on_water_one_cm":375,"minecraft:time_since_death":18636,"minecraft:total_world_time":21815,"minecraft:swim_one_cm":830,"minecraft:fall_one_cm":8430,"minecraft:fly_one_cm":119847},"minecraft:killed":{"minecraft:skeleton":1,"minecraft:zombie":1},"minecraft:killed_by":{"minecraft:spider":1}},"DataVersion":3465}