{"stats":{"minecraft:mined":{"minecraft:grass":2,"minecraft:grass_block":7,"minecraft:dirt_path":3,"minecraft:dirt":3},"minecraft:dropped":{"minecraft:poppy":2,"minecraft:iron_ingot":4},"minecraft:used":{"minecraft:netherite_sword":4,"minecraft:netherite_axe":47,"minecraft:dirt":10,"minecraft:bow":130,"minecraft:goat_horn":2,"quark:hollow_dark_oak_log":21,"minecraft:crossbow":11},"minecraft:custom":{"minecraft:time_since_rest":20427,"minecraft:sprint_one_cm":47392,"minecraft:damage_taken":50,"minecraft:walk_one_cm":69007,"minecraft:mob_kills":39,"minecraft:drop":6,"minecraft:damage_dealt":4516,"minecraft:fly_one_cm":321921,"minecraft:talked_to_villager":8,"minecraft:open_barrel":2,"minecraft:open_chest":2,"minecraft:play_time":29625,"minecraft:deaths":2,"minecraft:sneak_time":40,"minecraft:bell_ring":1,"minecraft:jump":228,"minecraft:interact_with_grindstone":3,"minecraft:interact_with_blast_furnace":1,"minecraft:leave_game":2,"minecraft:walk_on_water_one_cm":95,"minecraft:time_since_death":20401,"minecraft:total_world_time":29625,"minecraft:fall_one_cm":1916},"minecraft:killed":{"minecraft:sheep":1,"minecraft:cat":1,"minecraft:skeleton":2,"minecraft:zombie":5,"minecraft:stray":9,"minecraft:spider":6,"minecraft:iron_golem":1,"minecraft:villager":1,"minecraft:creeper":8,"minecraft:polar_bear":4},"minecraft:picked_up":{"minecraft:tipped_arrow":1,"minecraft:dandelion":2,"minecraft:recovery_compass":1,"minecraft:gunpowder":3,"minecraft:dirt":10,"minecraft:spider_eye":2,"minecraft:string":8,"minecraft:bone":7,"minecraft:arrow":3,"minecraft:rotten_flesh":4,"minecraft:bow":1,"minecraft:rabbit_hide":1,"minecraft:iron_ingot":4,"minecraft:poppy":2,"minecraft:rabbit":1,"minecraft:cod":1}},"DataVersion":3465}