{"stats":{"minecraft:broken":{"beachparty:rubber_ring_axolotl":1},"minecraft:crafted":{"minecraft:crafting_table":1,"minecraft:wooden_pickaxe":1,"regions_unexplored:kapok_planks":4,"regions_unexplored:joshua_planks":8,"minecraft:stick":4,"minecraft:stone_pickaxe":1},"minecraft:killed_by":{"minecraft:husk":1,"minecraft:spider":1,"minecraft:zombie":1},"minecraft:custom":{"lootr:looted_stat":4,"minecraft:mob_kills":31,"minecraft:interact_with_crafting_table":2,"minecraft:damage_dealt_resisted":0,"minecraft:leave_game":3,"minecraft:time_since_death":3458,"minecraft:climb_one_cm":434,"minecraft:hex":0,"minecraft:time_since_rest":3519,"minecraft:sprint_one_cm":150431,"minecraft:damage_taken":2055,"minecraft:walk_one_cm":93759,"minecraft:damage_blocked_by_shield":600,"minecraft:drop":7,"minecraft:damage_dealt":5175,"minecraft:fly_one_cm":186029,"minecraft:crouch_one_cm":1248,"minecraft:play_time":38643,"minecraft:deaths":4,"minecraft:sneak_time":508,"minecraft:jump":863,"minecraft:walk_on_water_one_cm":298,"minecraft:threat":6,"minecraft:total_world_time":38643,"minecraft:fall_one_cm":27105},"minecraft:picked_up":{"minecraft:chicken":1,"minecraft:cut_sandstone":23,"regions_unexplored:dead_steppe_shrub":1,"fishofthieves:grubs":5,"minecraft:dirt":11,"minecraft:string":7,"minecraft:orange_terracotta":2,"minecraft:bone":8,"minecraft:bow":1,"bewitchment:mandrake_seeds":1,"fishofthieves:earthworms":1,"minecraft:egg":1,"minecraft:sandstone":25,"minecraft:sand":49,"minecraft:chiseled_sandstone":4,"minecraft:stone_pressure_plate":2,"regions_unexplored:kapok_log":1,"minecraft:arrow":8,"minecraft:blue_terracotta":1,"minecraft:rotten_flesh":24,"regions_unexplored:joshua_log":2,"paladins:golden_mace":1,"minecraft:cobblestone":8},"minecraft:killed":{"bewitchment:snake":1,"minecraft:husk":8,"minecraft:zombie_villager":1,"minecraft:spider":4,"minecraft:skeleton":5,"minecraft:zombie":9,"minecraft:chicken":1},"minecraft:dropped":{"mythicupgrades:topaz_upgrade_smithing_template":1,"paladins:golden_mace":1,"minecraft:cut_sandstone":2,"beachparty:rubber_ring_pelican":1,"minecraft:stone_pressure_plate":1,"minecraft:wooden_pickaxe":1},"minecraft:used":{"minecraft:blue_terracotta":1,"minecraft:stone_sword":60,"minecraft:stone_pickaxe":11,"mcdw:pick_mountaineer_pick":29,"minecraft:wooden_pickaxe":10,"minecraft:shield":26,"spellbladenext:arcane_blade":99,"minecraft:sandstone":13,"minecraft:rotten_flesh":8,"fishofthieves:earthworms":1,"minecraft:sand":12,"minecraft:crafting_table":1,"paladins:golden_mace":8,"beachparty:rubber_ring_axolotl":2,"minecraft:bread":12,"minecraft:bow":4,"beachparty:rubber_ring_pelican":1},"minecraft:mined":{"minecraft:cut_sandstone":6,"minecraft:stone_pressure_plate":1,"minecraft:orange_terracotta":2,"minecraft:smooth_sandstone":3,"minecraft:grass_block":4,"minecraft:tall_grass":2,"minecraft:sandstone":18,"minecraft:blue_terracotta":1,"minecraft:red_sandstone":2,"minecraft:chiseled_sandstone":1,"treechop:chopped_log":1,"regions_unexplored:steppe_grass":1,"minecraft:grass":2,"regions_unexplored:joshua_log":2,"minecraft:dirt":7,"minecraft:sand":6,"minecraft:stone":8,"minecraft:fern":1}},"DataVersion":3465}