{"stats":{"minecraft:broken":{"minecraft:iron_sword":1},"minecraft:crafted":{"minecraft:crafting_table":2,"minecraft:iron_sword":1,"minecraft:bread":24,"minecraft:jungle_planks":28,"minecraft:stick":8,"minecraft:wheat":72,"regions_unexplored:magnolia_planks":4},"minecraft:killed_by":{"minecraft:vindicator":1,"minecraft:silverfish":3,"minecraft:cave_spider":1},"minecraft:custom":{"lootr:looted_stat":19,"minecraft:mob_kills":45,"minecraft:interact_with_crafting_table":7,"minecraft:open_barrel":2,"minecraft:damage_dealt_resisted":0,"minecraft:leave_game":1,"minecraft:time_since_death":32644,"minecraft:sleep_in_bed":1,"minecraft:damage_resisted":0,"minecraft:climb_one_cm":6471,"minecraft:hex":0,"minecraft:time_since_rest":32671,"minecraft:sprint_one_cm":217396,"minecraft:damage_taken":5597,"minecraft:walk_one_cm":183879,"minecraft:damage_blocked_by_shield":145,"minecraft:drop":28,"minecraft:damage_dealt":7131,"minecraft:talked_to_villager":2,"minecraft:swim_one_cm":71245,"minecraft:fly_one_cm":228927,"minecraft:open_chest":3,"minecraft:crouch_one_cm":5301,"minecraft:play_time":109049,"minecraft:deaths":8,"minecraft:sneak_time":2143,"minecraft:walk_under_water_one_cm":7128,"minecraft:jump":1123,"minecraft:interact_with_blast_furnace":1,"minecraft:walk_on_water_one_cm":7172,"minecraft:total_world_time":109049,"minecraft:interact_with_smoker":1,"minecraft:fall_one_cm":64655,"minecraft:inspect_dispenser":3},"minecraft:picked_up":{"mythicmounts:firebird_feather4":1,"minecraft:jungle_log":7,"regions_unexplored:magnolia_log":1,"minecraft:stone_slab":4,"minecraft:jungle_fence":1,"minecraft:string":64,"minecraft:dirt":1,"minecraft:moss_carpet":5,"minecraft:bone":6,"minecraft:stone_bricks":6,"minecraft:cracked_stone_bricks":2,"minecraft:wheat_seeds":1,"minecraft:gold_nugget":2,"minecraft:iron_ingot":4,"minecraft:mossy_stone_bricks":1,"minecraft:poppy":4,"minecraft:light_gray_wool":3,"minecraft:bamboo":51,"twigs:twig":4,"minecraft:egg":1,"minecraft:book":51,"minecraft:raw_iron":12,"minecraft:stick":2,"croptopia:dragonfruit":4,"vinery:jungle_grapes_white":3,"twigs:bamboo_leaves":12,"minecraft:cyan_bed":1,"minecraft:spider_eye":1,"minecraft:stone_sword":2,"minecraft:arrow":14,"minecraft:hay_block":8,"minecraft:emerald":2,"minecraft:oak_sapling":2,"minecraft:cobblestone":6,"minecraft:black_wool":1,"minecraft:mutton":3,"minecraft:white_wool":1},"minecraft:killed":{"minecraft:cave_spider":1,"minecraft:spider":7,"minecraft:iron_golem":1,"minecraft:sheep":1,"minecraft:skeleton":9,"minecraft:pillager":2,"minecraft:silverfish":24},"minecraft:dropped":{"farmersdelight:tomato_seeds":1,"twigs:bamboo_leaves":12,"minecraft:wheat_seeds":1,"minecraft:stone_sword":3,"minecraft:jungle_fence":1,"minecraft:stone_slab":2,"beachparty:rubber_ring_axolotl":1,"minecraft:flint":9,"minecraft:poppy":4,"mythicmounts:firebird_feather4":1,"minecraft:oak_sapling":2,"minecraft:gold_nugget":2,"minecraft:spider_eye":1,"minecraft:stone_bricks":3,"minecraft:black_wool":1,"minecraft:egg":1},"minecraft:mined":{"regions_unexplored:magnolia_log":1,"minecraft:crafting_table":1,"minecraft:emerald_ore":1,"minecraft:grass_block":1,"twigs:twig":1,"minecraft:stone_slab":2,"minecraft:tall_grass":1,"minecraft:cobblestone":4,"minecraft:cyan_bed":1,"minecraft:spawner":2,"minecraft:hay_block":8,"minecraft:iron_ore":12,"minecraft:fire":1,"minecraft:acacia_wood":1,"minecraft:jungle_fence":2,"minecraft:light_gray_wool":3,"minecraft:moss_carpet":5,"treechop:chopped_log":1,"minecraft:infested_mossy_stone_bricks":6,"minecraft:grass":23,"minecraft:bookshelf":17,"minecraft:vine":4,"minecraft:infested_cracked_stone_bricks":5,"minecraft:cobweb":75,"regions_unexplored:medium_grass":1,"minecraft:cracked_stone_bricks":2,"minecraft:stone":3,"minecraft:bamboo":5,"minecraft:stone_bricks":4,"minecraft:mossy_stone_bricks":2,"minecraft:tripwire":8,"minecraft:fern":7},"minecraft:used":{"immersive_armors:divine_helmet":1,"minecraft:moss_carpet":5,"minecraft:stone_sword":93,"minecraft:shield":12,"minecraft:iron_sword":155,"minecraft:iron_chestplate":3,"minecraft:dirt":1,"archers:composite_longbow":15,"minecraft:crafting_table":2,"minecraft:jungle_planks":24,"beachparty:rubber_ring_axolotl":3,"minecraft:cyan_bed":1,"minecraft:bread":13,"minecraft:iron_pickaxe":46,"minecraft:stone_slab":1,"minecraft:iron_boots":1,"minecraft:cobblestone":3,"minecraft:porkchop":2,"minecraft:iron_leggings":1,"minecraft:egg":9,"simplyswords:waxweaver":108}},"DataVersion":3465}